connection_timestamp,local_host,local_port,remote_host,remote_port,download_url,download_md5_hash,country
1647590110.4046054,10.0.0.4,445,183.88.124.8,59838,,3553aeb71299e94c2549f1b34f6c1a43,Thailand
1647602115.615944,10.0.0.4,445,120.211.30.240,57144,,e9d1ba0ee54fcdf37cf458cd3209c9f3,China
1647612331.7219338,10.0.0.4,445,102.89.34.53,9291,,ae12bb54af31227017feffd9598a6f5e,Nigeria
1647615016.7218745,10.0.0.4,445,161.22.33.229,55373,,0365ed2ca67ea493bdd1b70977db593c,Venezuela
1647623587.9410598,10.0.0.4,445,42.112.203.62,64227,,e5840a9753ed8f90fbd7264c8db27c4b,Vietnam
1647639525.592072,10.0.0.4,445,200.46.171.238,55516,,35066fd88e61cd34ce11a9c7ba2eecf9,Panama
1647642659.6881323,10.0.0.4,445,42.113.133.251,60055,,b016a2d5e8963fb6bb1f810502e1562f,Vietnam
1647646430.6761794,10.0.0.4,445,167.249.235.98,63373,,89913a42a5c9693d41f0fe1f11258754,Brazil
1647654416.1847422,10.0.0.4,445,114.45.195.164,53215,,0ab2aeda90221832167e5127332dd702,Taiwan
1647678391.2736704,10.0.0.4,445,88.247.69.115,57951,,4d30a11db5d4e580f228bb3e56f709d4,Turkey
1647679758.41413,10.0.0.4,445,94.153.136.42,50360,,996c2b2ca30180129c69352a3a3515e4,Ukraine
1647680122.358297,10.0.0.4,445,94.43.126.14,62638,,4fbfa754204df11c5d7d4d76bb4b777f,Georgia
1647683258.7230997,10.0.0.4,445,103.123.67.102,54225,,0ab2aeda90221832167e5127332dd702,Indonesia
1647684045.0537643,10.0.0.4,445,202.191.122.129,53182,,b7fc0ee284a7d8b1a3eae9fa8758bca6,Bangladesh
1647690823.2936058,10.0.0.4,445,202.170.113.4,60660,,ae12bb54af31227017feffd9598a6f5e,Thailand
1647692670.7472837,10.0.0.4,445,41.41.163.184,53727,,ae12bb54af31227017feffd9598a6f5e,Egypt
1647696806.3332827,10.0.0.4,445,36.255.227.18,15688,,0e80a07bf580016d84894dcef82a8f55,India
1647699493.550642,10.0.0.4,445,80.250.40.186,51359,,bb5151578682b5fa785f9847c256ec16,Morocco
1647705015.617108,10.0.0.4,445,156.0.231.9,63302,,6a139899acde9af3c79c024bee1a800b,South Africa
1647710153.7079797,10.0.0.4,445,36.92.52.228,50757,,a55b9addb2447db1882a3ae995a70151,Indonesia
1647712398.326712,10.0.0.4,445,113.53.167.72,56558,,0ab2aeda90221832167e5127332dd702,Thailand
1647730432.5325866,10.0.0.4,445,122.52.112.114,62268,,ed979ce49b3373765a91b15c1c37c00b,Philippines
1647740104.4030187,10.0.0.4,445,187.93.97.106,51975,,96b11451d63b36111ba78a37532e97f3,Brazil
1647744711.6751664,10.0.0.4,445,200.68.50.73,64115,,89913a42a5c9693d41f0fe1f11258754,Chile
1647746898.5644698,10.0.0.4,445,106.220.106.116,23410,,ae12bb54af31227017feffd9598a6f5e,India
1647751345.4862576,10.0.0.4,445,122.160.64.156,64649,,5880e557c6744cf343ba79055c503f4c,India
1647756359.3406851,10.0.0.4,445,14.10.48.226,44322,,41dd4ba28395515df6c327d8e3edffa4,Japan
1647757972.6228201,10.0.0.4,445,103.170.201.108,50983,,58244389501ed08823b6c50702efca46,India
1647767412.3595812,10.0.0.4,445,190.202.23.148,53541,,e5c15c018cca0eb358e02cb511c4144a,Venezuela
1647776490.4464273,10.0.0.4,445,202.142.95.91,48328,,ae12bb54af31227017feffd9598a6f5e,India
1647779020.3367507,10.0.0.4,445,85.96.208.0,13130,,d84fbb08ee07842c6d164a424dadda1c,Turkey
1647807081.3075528,10.0.0.4,445,103.131.117.146,52278,,ce494e90f5ba942a3f1c0fe557e598bf,Indonesia
1647807954.5799584,10.0.0.4,445,103.195.16.250,5607,,8d340ce819b42f0c5a27753dd7170ff9,India
1647820683.0745633,10.0.0.4,445,156.0.231.14,56904,,6a139899acde9af3c79c024bee1a800b,South Africa
1647828705.1342459,10.0.0.4,445,202.93.141.6,49560,,4f11f5a5d9572082f5d0c256e2506a9d,Indonesia
1647830055.2349458,10.0.0.4,445,113.90.44.46,61010,,996c2b2ca30180129c69352a3a3515e4,China
1647831911.4980736,10.0.0.4,445,113.186.160.26,62592,,414a3594e4a822cfb97a4326e185f620,Vietnam
1647833968.0833793,10.0.0.4,445,171.245.88.50,63953,,414a3594e4a822cfb97a4326e185f620,Vietnam
1647842395.231971,10.0.0.4,445,117.201.61.203,51429,,ae12bb54af31227017feffd9598a6f5e,India
1647847258.7211452,10.0.0.4,445,196.189.57.240,57521,,64416e602428cc5a299a015a0fa9f1a6,Ethiopia
1647849591.319142,10.0.0.4,445,111.249.67.35,7708,,2eaa4207884444d8039fd27590eb2dfb,Taiwan
1647853492.2665396,10.0.0.4,445,103.148.21.127,8807,,ae12bb54af31227017feffd9598a6f5e,India
1647855306.590025,10.0.0.4,445,116.105.39.173,50347,,aa718a028875637e1c6eb648706340b6,Vietnam
1647866178.8644533,10.0.0.4,445,103.144.180.18,55521,,a55b9addb2447db1882a3ae995a70151,Indonesia
1647868012.8436346,10.0.0.4,445,181.113.151.212,1317,,ae12bb54af31227017feffd9598a6f5e,Ecuador
1647869628.911907,10.0.0.4,445,123.25.85.64,60878,,414a3594e4a822cfb97a4326e185f620,Vietnam
1647870264.916004,10.0.0.4,445,156.0.231.12,4197,,6a139899acde9af3c79c024bee1a800b,South Africa
1647873529.5944102,10.0.0.4,445,200.223.17.82,48450,,ccae93707ac700ec29e8ed1bee045c0d,Brazil
1647876487.9921336,10.0.0.4,445,178.159.127.5,51994,,951b218fab52434aa7d4624c03dd3415,Ukraine
1647883753.5230734,10.0.0.4,445,49.48.88.190,60876,,ce494e90f5ba942a3f1c0fe557e598bf,Thailand
1647896957.536785,10.0.0.4,445,190.202.28.106,53744,,9aa3637857d84aa040c097ba0be6b900,Venezuela
1647912760.153063,10.0.0.4,445,123.16.189.94,53254,,cab74b35aa582da53c621a442ec5ee33,Vietnam
1647921213.0340843,10.0.0.4,445,42.112.93.36,54551,,ae12bb54af31227017feffd9598a6f5e,Vietnam
1647925374.7681775,10.0.0.4,445,41.178.57.34,51276,,e9d1ba0ee54fcdf37cf458cd3209c9f3,Egypt
1647926668.460738,10.0.0.4,445,91.140.233.130,61773,,f418da2e33103438f1577dfa6c036924,Kuwait
1647929130.4757588,10.0.0.4,445,101.51.227.154,50433,,ae12bb54af31227017feffd9598a6f5e,Thailand
1647939033.4536283,10.0.0.4,445,203.145.171.174,49966,,320c63d2eadfaca1f701fe773f4f3651,India
1647943197.8238297,10.0.0.4,445,171.224.179.188,28466,,414a3594e4a822cfb97a4326e185f620,Vietnam
1647945385.0519536,10.0.0.4,445,156.0.231.11,54440,,6a139899acde9af3c79c024bee1a800b,South Africa
1647946696.105881,10.0.0.4,445,177.23.191.191,9882,,6e72ad805b4322612b9c9c7673a45635,Brazil
1647961891.4192977,10.0.0.4,445,31.173.120.117,42200,,951806fed26ede01685f03413607fe18,Russia
1647965346.5750628,10.0.0.4,445,128.234.14.248,61163,,c2b3f51728001fbaaa5a73fcaf3e1a68,Saudi Arabia
1647968488.9198792,10.0.0.4,445,177.222.121.2,1677,,0ab2aeda90221832167e5127332dd702,Bolivia
1647976114.4689543,10.0.0.4,445,186.188.129.164,55336,,b3cbed0e8582e9ac6586fd37bf64e5d3,Panama
1647987003.5820136,10.0.0.4,445,95.93.137.191,62714,,a16f92c4215d8ed73f4309637031a720,Portugal
1648001352.255446,10.0.0.4,445,196.201.244.82,50160,,996c2b2ca30180129c69352a3a3515e4,Egypt
1648002040.1307957,10.0.0.4,445,122.180.254.63,49638,,c09c6de2460cef9709d0e552c0c8d0fd,India
1648010988.9131966,10.0.0.4,445,189.11.67.89,56383,,f14afcac1094f1a6dfd84da5162a55c7,Brazil
1648014659.6591945,10.0.0.4,445,190.77.24.234,57452,,05428132c1df011c73aeee854910ac7a,Venezuela
1648015104.4303713,10.0.0.4,445,175.180.81.44,3426,,bff01fec101dae25a2ce83b5666edd58,Taiwan
1648017599.6064606,10.0.0.4,445,103.96.41.130,54446,,44b77eabfb7cfce407bfa935b357fd7b,India
1648019692.9976857,10.0.0.4,445,113.53.29.87,59450,,ae12bb54af31227017feffd9598a6f5e,Thailand
1648022837.9459078,10.0.0.4,445,180.180.224.121,61659,,1af38678dc693d8653223ae4856fd2a4,Thailand
1648025014.9461846,10.0.0.4,445,125.17.42.50,56064,,14721427b44c0aca6e05237c82ab9fd5,India
1648026880.6497505,10.0.0.4,445,103.68.11.171,64759,,c475b82f1e0b421e051622f034b1d5e3,India
1648027870.8252473,10.0.0.4,445,182.73.75.69,55418,,caf082a135af8d966e8dc7fb9f619bba,India
1648028546.5968096,10.0.0.4,445,103.105.197.2,62178,,6567e663303386b7152d5fcab1f06cac,Indonesia
