"download","connection","download_url","download_md5_hash"
"1","23","","fcb6b0f95853dfda72d5535a424b3a29"
"2","34","","7375ad43cf97796368f50ca746832b4d"
"3","42","","c4fca61333b642e21c2b1ba417c0100d"
"4","38","","01bdc6fb077098f4a3b60f4b0e479a7f"
"5","44","","0ab2aeda90221832167e5127332dd702"
"6","55","","0ab2aeda90221832167e5127332dd702"
"7","59","","6e72ad805b4322612b9c9c7673a45635"
"8","71","","a55b9addb2447db1882a3ae995a70151"
"9","83","","ae12bb54af31227017feffd9598a6f5e"
"10","92","","685bc2af410d86a742b59b96d116a7d9"
"11","95","","685bc2af410d86a742b59b96d116a7d9"
"12","89","","8da3345636b0f9b8c0acc811f5a26c61"
"13","101","","414a3594e4a822cfb97a4326e185f620"
"14","103","","9e281636ea3581c2988d3370aa864767"
"15","115","","ae12bb54af31227017feffd9598a6f5e"
"16","120","","ef6e1d238617abd984a802d40dcd29a9"
"17","134","","ae12bb54af31227017feffd9598a6f5e"
"18","143","","ae12bb54af31227017feffd9598a6f5e"
"19","148","","a4d49eaf60a8e333708469606ad9e1a4"
"20","162","","77931bd3dc3566d17a520ad669b9d69b"
"21","177","","0ab2aeda90221832167e5127332dd702"
"22","181","","996c2b2ca30180129c69352a3a3515e4"
"23","189","","e521c50baefb3443ef2349147ddd608d"
"24","194","","c72a3ce4afa1053316b9ecbab579f6d5"
"25","198","","c2b8b099bb55f52e094d22266b6d7b34"
"26","203","","92432d0900afe5c691e27cbfdd146c71"
"27","212","","6e1dfefa794474d92b9e4412aea69f77"
"28","1393","","685bc2af410d86a742b59b96d116a7d9"
"29","1396","","685bc2af410d86a742b59b96d116a7d9"
"30","1403","","ae12bb54af31227017feffd9598a6f5e"
"31","1405","","414a3594e4a822cfb97a4326e185f620"
"32","1409","","c2b3f51728001fbaaa5a73fcaf3e1a68"
"33","1985","","ae12bb54af31227017feffd9598a6f5e"
"34","1992","","f69ccb45293a1c28f42e26ce999c12d2"
"35","2004","","ae12bb54af31227017feffd9598a6f5e"
"36","2010","","ae12bb54af31227017feffd9598a6f5e"
"37","2016","","8d340ce819b42f0c5a27753dd7170ff9"
"38","2022","","685bc2af410d86a742b59b96d116a7d9"
"39","2025","","685bc2af410d86a742b59b96d116a7d9"
"40","2033","","ae12bb54af31227017feffd9598a6f5e"
"41","2049","","ae12bb54af31227017feffd9598a6f5e"
"42","2080","","685bc2af410d86a742b59b96d116a7d9"
"43","2083","","685bc2af410d86a742b59b96d116a7d9"
"44","2318","","d25171479677bde36fba4f25c44bd851"
"45","2950","","d445e2e0b050ee7127cbe72fe13ee2b4"
"46","2954","","76b47e0829177757b39cf3c3672049dd"
"47","2977","","87c8440c3cfd05b8126be71c3c7bded7"
"48","2983","","a55b9addb2447db1882a3ae995a70151"
"49","2990","","f06d38cd1dffbb67c947260683e70e97"
"50","3005","","62186bebffffcfafb1c70a8ff03fa317"
"51","3010","","9ba5379aa41d707a4331d27a004baec1"
"52","3033","","02c5f1515bf42798728fac17bfe1e4c1"
"53","3036","","02c5f1515bf42798728fac17bfe1e4c1"
"54","3038","","02c5f1515bf42798728fac17bfe1e4c1"
"55","3043","","02c5f1515bf42798728fac17bfe1e4c1"
"56","3021","","996c2b2ca30180129c69352a3a3515e4"
"57","3027","","a55b9addb2447db1882a3ae995a70151"
"58","3049","","6ad5150a723a76a1c5c64f4e580ca2d7"
"59","3064","","ef4df7aa5b6901a1e5aad776c2d87912"
"60","3074","","ae12bb54af31227017feffd9598a6f5e"
"61","3080","","11a9eb9c37fc38d7cd1dba843833458d"
"62","3094","","685bc2af410d86a742b59b96d116a7d9"
"63","3097","","685bc2af410d86a742b59b96d116a7d9"
"64","3099","","685bc2af410d86a742b59b96d116a7d9"
"65","3102","","685bc2af410d86a742b59b96d116a7d9"
"66","3110","","f14afcac1094f1a6dfd84da5162a55c7"
"67","3108","","3e5745591a431bfc2fdda2db41462375"
"68","3115","","5fdc6d66c521fbf86b770cd6dacb073b"
"69","3124","","a3a301298e10c5c53c49475d2b1da7f8"
"70","3129","","414a3594e4a822cfb97a4326e185f620"
"71","3133","","92953a5e40c6c365ed79d50ceb723727"
"72","3143","","0ab2aeda90221832167e5127332dd702"
"73","3141","","2ea17022f109d8580d3a73f33afce148"
"74","3156","","a55b9addb2447db1882a3ae995a70151"
"75","3178","","6b0ac3a36170aa066c86caec90aea67b"
"76","3197","","ae12bb54af31227017feffd9598a6f5e"
"77","3228","","44bc540ed22c83517ff5068ba58da383"
"78","3233","","cd99e5e4f44621978faf8df0e01d2d2b"
"79","3244","","ae12bb54af31227017feffd9598a6f5e"
"80","3627","","396aac37ce52c2b6fb4c511239ec7c51"
"81","3632","","76b47e0829177757b39cf3c3672049dd"
"82","3833","","0ab2aeda90221832167e5127332dd702"
"83","4393","","76b47e0829177757b39cf3c3672049dd"
"84","4497","","ae12bb54af31227017feffd9598a6f5e"
"85","4504","","be71ba06e4920647b82f08e13ffa7419"
"86","4519","","95ae8e32eb8635e7eabe14ffbfaa777b"
"87","4521","","44bc540ed22c83517ff5068ba58da383"
"88","4529","","ae12bb54af31227017feffd9598a6f5e"
"89","4534","","64416e602428cc5a299a015a0fa9f1a6"
"90","4540","","66f3711252993ab281230d0c2b245029"
"91","4546","","ae12bb54af31227017feffd9598a6f5e"
"92","4558","","de75d26e3e78cdfaac8d4f5a8cffb110"
"93","4584","","c2c4612c2138df47a52a526fbae3ab92"
"94","4593","","3c98e52a7c5d6e282e89274dd68a2489"
"95","4599","","6d2543c53d9e316af0806f8a853160b7"
"96","4603","","996c2b2ca30180129c69352a3a3515e4"
"97","4612","","ae12bb54af31227017feffd9598a6f5e"
"98","4619","","6e72ad805b4322612b9c9c7673a45635"
"99","4623","","95ae8e32eb8635e7eabe14ffbfaa777b"
"100","4631","","996c2b2ca30180129c69352a3a3515e4"
"101","4639","","e2dc5bcd6c6e75e7623f6041b769c4be"
"102","5685","","685bc2af410d86a742b59b96d116a7d9"
"103","5729","","685bc2af410d86a742b59b96d116a7d9"
"104","6438","","6d6a622613c437addd40c1932495facf"
"105","6454","","879d69d4c18d6947f9ea5e545ac16d01"
"106","6456","","996c2b2ca30180129c69352a3a3515e4"
"107","6465","","996c2b2ca30180129c69352a3a3515e4"
"108","6469","","5208f5b4ad74a301d380f006d966fd6d"
"109","6475","","dd33dbc6c0832e4c8c8aec39b49eb4ab"
"110","6512","","4871630c8be8b5f77c6ad2b92aad3c5d"
